hint,keyword
ZWIERZE,ŚWINIA
ZWIERZE,OSTRYGA
ZWIERZE,NIEDŹWIEDŹ
ZWIERZE,ŻABA
ZWIERZE,KOTEK
ZWIERZE,LEW
ZWIERZE,KOT
ZWIERZE,SOWA
ZWIERZE,NIETOPERZ
ZWIERZE,WIEWIÓRKARYBA
ZWIERZE,KANGUR
ZWIERZE,PIES
ZWIERZE,ROPUCHA
ZWIERZE,RENIFER
ZWIERZE,STRUŚóó
ZWIERZE,ZŁOTARYBKA
ZWIERZE,WĄŻ
ZWIERZE,PSZCZOŁA
ZWIERZE,KROKODYL
ZWIERZE,KURA
ZWIERZE,HIPOPOTAM
ZWIERZE,ŻABA
ZWIERZE,REKIN
ZWIERZE,NIEDŹWIEDŹ
ZWIERZE,KOZA
ZWIERZE,KOŃ
ZWIERZE,NIETOPERZ
ZWIERZE,PAPUGA
ZWIERZE,KURCZAKKOZA
ZWIERZE,KREWETKA
ZWIERZE,WĄŻ
ZWIERZE,OŚMIORNICA
ZWIERZE,SOWA
ZWIERZE,ŚWINIA
ZWIERZE,KANGUR
ZWIERZE,MORS
ZWIERZE,KACZKA
ZWIERZE,WIELORYBPIES
ZWIERZE,ORANGUTAN
ZWIERZE,FOKA
ZWIERZE,KURCZAK
ZWIERZE,KREWETKA
ZWIERZE,JASZCZURKA
ZWIERZE,LEW
ZWIERZE,ŁASICA
ZWIERZE,SOWA
ZWIERZE,PELIKANALIGATOR
ZWIERZE,WILK
ZWIERZE,ZŁOTARYBKA
ZWIERZE,CHOMIK
ZWIERZE,WĄŻ
ZWIERZE,JEŻOZWIERZ
ZWIERZE,MRÓWKA
ZWIERZE,KACZKA
ZWIERZE,WIEWIÓRKA
ZWIERZE,KANGUROŚMIORNICA
ZWIERZE,ZŁOTARYBKA
ZWIERZE,ALIGATOR
ZWIERZE,SKORPION
ZWIERZE,ŁASICA
ZWIERZE,JASZCZURKA
ZWIERZE,STRUŚ
ZWIERZE,WILK
ZWIERZE,WIEWIÓRKA
ZWIERZE,HIPOPOTAMKRÓLIK
ZWIERZE,WILK
ZWIERZE,ŁASICA
ZWIERZE,SOWA
ZWIERZE,FOKA
ZWIERZE,KAŁAMARNICA
ZWIERZE,JEŻOZWIERZ
ZWIERZE,MORS
ZWIERZE,PAJĄK
ZWIERZE,KROWASZYMPANS
ZWIERZE,MORS
ZWIERZE,OWCA
ZWIERZE,SZCZUR
ZWIERZE,MRÓWKA
ZWIERZE,KURA
ZWIERZE,WIELBŁĄD
ZWIERZE,JEŻOZWIERZ
ZWIERZE,PSZCZOŁA
ZWIERZE,HIPOPOTAMLAMPART
ZWIERZE,FOKA
ZWIERZE,ORANGUTAN
ZWIERZE,WIEWIÓRKA
ZWIERZE,WIELORYB
ZWIERZE,PAPUGA
ZWIERZE,ROPUCHA
ZWIERZE,PANDA
ZWIERZE,OSTRYGA
ZWIERZE,LEW
WARZYWA I OWOCE,OGÓREK
WARZYWA I OWOCE,SZPINAK
WARZYWA I OWOCE,BROKUŁY
WARZYWA I OWOCE,BATATY
WARZYWA I OWOCE,BRUKSELKI
WARZYWA I OWOCE,ZIEMNIAKI
WARZYWA I OWOCE,BURAK
WARZYWA I OWOCE,SAŁATA
WARZYWA I OWOCE,SELER
WARZYWA I OWOCE,KALAFIOR
WARZYWA I OWOCE,GROSZEK
WARZYWA I OWOCE,BATATY
WARZYWA I OWOCE,OGÓREK
WARZYWA I OWOCE,SAŁATA
WARZYWA I OWOCE,BROKUŁY
WARZYWA I OWOCE,BAKŁAŻAN
WARZYWA I OWOCE,POMIDORY
WARZYWA I OWOCE,BRUKSELKI
WARZYWA I OWOCE,MARCHEWKA
WARZYWA I OWOCE,KAPUSTA PEKIŃSKA
WARZYWA I OWOCE,SZPINAK
WARZYWA I OWOCE,FASOLKA
WARZYWA I OWOCE,OGÓREK
WARZYWA I OWOCE,POMIDORY
WARZYWA I OWOCE,RZEPA
WARZYWA I OWOCE,KUKURYDZA
WARZYWA I OWOCE,BRUKSELKI
WARZYWA I OWOCE,CEBULA
WARZYWA I OWOCE,KAPUSTA PEKIŃSKA
WARZYWA I OWOCE,JARMUŻ
WARZYWA I OWOCE,JARMUŻ
WARZYWA I OWOCE,BURAK
WARZYWA I OWOCE,RZEPA
WARZYWA I OWOCE,POMIDORY
WARZYWA I OWOCE,RZODKIEWKA
WARZYWA I OWOCE,SZPINAK
WARZYWA I OWOCE,KAPUSTA PEKIŃSKA
WARZYWA I OWOCE,ZIEMNIAKI
WARZYWA I OWOCE,KALAFIOR
WARZYWA I OWOCE,MARCHEWKA
WARZYWA I OWOCE,JARMUŻ
WARZYWA I OWOCE,BRUKSELKI
WARZYWA I OWOCE,GROSZEK
WARZYWA I OWOCE,RZEPA
WARZYWA I OWOCE,MARCHEWKA
WARZYWA I OWOCE,BAKŁAŻAN
WARZYWA I OWOCE,KAPUSTA PEKIŃSKA
WARZYWA I OWOCE,KAPUSTA
WARZYWA I OWOCE,BATATY
WARZYWA I OWOCE,KUKURYDZA
WARZYWA I OWOCE,KALAFIOR
WARZYWA I OWOCE,SZPARAGI
WARZYWA I OWOCE,OGÓREK
WARZYWA I OWOCE,JARMUŻ
WARZYWA I OWOCE,SELER
WARZYWA I OWOCE,BAKŁAŻAN
WARZYWA I OWOCE,RZEPA
WARZYWA I OWOCE,ZIEMNIAKI
WARZYWA I OWOCE,BATATY
WARZYWA I OWOCE,CEBULA
WARZYWA I OWOCE,SZPARAGI
WARZYWA I OWOCE,RZEPA
WARZYWA I OWOCE,ZIEMNIAKI
WARZYWA I OWOCE,DYNIA
WARZYWA I OWOCE,KAPUSTA
WARZYWA I OWOCE,SAŁATA
WARZYWA I OWOCE,MARCHEWKA
WARZYWA I OWOCE,SELER
WARZYWA I OWOCE,SZPINAK
WARZYWA I OWOCE,BATATY
WARZYWA I OWOCE,ARBUZ
WARZYWA I OWOCE,KUMKWAT
WARZYWA I OWOCE,WINOGRONA
WARZYWA I OWOCE,LIMONKA
WARZYWA I OWOCE,MALINA
WARZYWA I OWOCE,PERSYMONA
WARZYWA I OWOCE,JABŁKO
WARZYWA I OWOCE,BORÓWKA AMERYKAŃSKA
WARZYWA I OWOCE,WIŚNIA
WARZYWA I OWOCE,CYTRYNA
WARZYWA I OWOCE,LIMONKA
WARZYWA I OWOCE,WINOGRONO
WARZYWA I OWOCE,ARBUZ
WARZYWA I OWOCE,KUMKWAT
WARZYWA I OWOCE,TRUSKAWKA
WARZYWA I OWOCE,JEŻYNA
WARZYWA I OWOCE,BRZOSKWINIA
WARZYWA I OWOCE,GRANAT
WARZYWA I OWOCE,MANDARYNKA
WARZYWA I OWOCE,JABŁKO
WARZYWA I OWOCE,BANAN
WARZYWA I OWOCE,GREJPFRUT
WARZYWA I OWOCE,LIMONKA
WARZYWA I OWOCE,KIWI
WARZYWA I OWOCE,CYTRYNA
WARZYWA I OWOCE,MALINA
WARZYWA I OWOCE,BORÓWKA AMERYKAŃSKA
WARZYWA I OWOCE,PERSYMONA
WARZYWA I OWOCE,ŚLIWKA
WARZYWA I OWOCE,MANDARYNKA
WARZYWA I OWOCE,MALINA
WARZYWA I OWOCE,GRUSZKA
WARZYWA I OWOCE,KUMKWAT
WARZYWA I OWOCE,CYTRYNA
WARZYWA I OWOCE,BRZOSKWINIA
WARZYWA I OWOCE,ANANAS
WARZYWA I OWOCE,ARBUZ
WARZYWA I OWOCE,BORÓWKA AMERYKAŃSKA
WARZYWA I OWOCE,TRUSKAWKA
WARZYWA I OWOCE,GRANAT
WARZYWA I OWOCE,BANAN
WARZYWA I OWOCE,MANDARYNKA
WARZYWA I OWOCE,LIMONKA
WARZYWA I OWOCE,ANANAS
WARZYWA I OWOCE,ŚLIWKA
WARZYWA I OWOCE,PERSYMONA
WARZYWA I OWOCE,POMARAŃCZA
WARZYWA I OWOCE,WINOGRONA
WARZYWA I OWOCE,GREJPFRUT
WARZYWA I OWOCE,BORÓWKA AMERYKAŃSKA
WARZYWA I OWOCE,MALINA
WARZYWA I OWOCE,PERSYMONA
WARZYWA I OWOCE,WINOGRONO
WARZYWA I OWOCE,PORZECZKA
WARZYWA I OWOCE,WIŚNIA
WARZYWA I OWOCE,KIWI
WARZYWA I OWOCE,WINOGRONA
WARZYWA I OWOCE,KUMKWAT
WARZYWA I OWOCE,MORELA
WARZYWA I OWOCE,GRANAT
WARZYWA I OWOCE,WINOGRONO
WARZYWA I OWOCE,LIMONKA
WARZYWA I OWOCE,JEŻYNA
WARZYWA I OWOCE,SUSZONA ŚLIWKA
WARZYWA I OWOCE,MALINA
WARZYWA I OWOCE,GRANAT
WARZYWA I OWOCE,ŚLIWKA
WARZYWA I OWOCE,GREJPFRUT
WARZYWA I OWOCE,BORÓWKA AMERYKAŃSKA
WARZYWA I OWOCE,GRUSZKA
MIEJSCE,BIUROWIEC
MIEJSCE,KAWIARNIA
MIEJSCE,BIBLIOTEKA
MIEJSCE,SUPERMARKET
MIEJSCE,KRĘGIELNIA
MIEJSCE,KINO
MIEJSCE,PIEKARNIA
MIEJSCE,SZPITAL
MIEJSCE,KATEDRA
MIEJSCE,KSIĘGARNIA
MIEJSCE,SZPITAL
MIEJSCE,BANK
MIEJSCE,DWORZEC KOLEJOWY
MIEJSCE,CENTRUM HANDLOWE
MIEJSCE,BIUROWIEC
MIEJSCE,SUPERMARKET
MIEJSCE,PIEKARNIA
MIEJSCE,BUDYNEK SZKOŁY
MIEJSCE,STACJA PALIW
MIEJSCE,KSIĘGARNIA
MIEJSCE,MUZEUM
MIEJSCE,CENTRUM HANDLOWE
MIEJSCE,DOM HANDLOWY
MIEJSCE,SZPITAL
MIEJSCE,PRZYSTANEK AUTOBUSOWY
MIEJSCE,SKLEP SPOŻYWCZY
MIEJSCE,STRAŻ POŻARNA
MIEJSCE,BIBLIOTEKA
MIEJSCE,KSIĘGARNIA
MIEJSCE,STACJA PALIW
MIEJSCE,MUZEUM
MIEJSCE,STACJA PALIW
MIEJSCE,PIEKARNIA
MIEJSCE,BUDYNEK SZKOŁY
MIEJSCE,BIUROWIEC
MIEJSCE,RESTAURACJA
MIEJSCE,FRYZJER
MIEJSCE,CENTRUM HANDLOWE
MIEJSCE,KATEDRA
MIEJSCE,KRĘGIELNIA
MIEJSCE,STACJA PALIW
MIEJSCE,DOM HANDLOWY
MIEJSCE,BUDYNEK SZKOŁY
MIEJSCE,KOŚCIÓŁ
MIEJSCE,KRĘGIELNIA
MIEJSCE,MUZEUM
MIEJSCE,PRZYSTANEK AUTOBUSOWY
MIEJSCE,SKLEP SPOŻYWCZY
MIEJSCE,CENTRUM HANDLOWE
MIEJSCE,STRAŻ POŻARNA
MIEJSCE,PRZYSTANEK AUTOBUSOWY
MIEJSCE,FRYZJER
MIEJSCE,KRĘGIELNIA
MIEJSCE,DWORZEC KOLEJOWY
MIEJSCE,DOM HANDLOWY
MIEJSCE,BANK
MIEJSCE,POCZTA
MIEJSCE,STACJA PALIW
MIEJSCE,KINO
MIEJSCE,BIUROWIEC
MIEJSCE,KRĘGIELNIA
MIEJSCE,DWORZEC KOLEJOWY
MIEJSCE,SKLEP SPOŻYWCZY
MIEJSCE,PIEKARNIA
MIEJSCE,PRZYSTANEK AUTOBUSOWY
MIEJSCE,SZPITAL
MIEJSCE,BUDYNEK SZKOŁY
MIEJSCE,KOŚCIÓŁ
MIEJSCE,KSIĘGARNIA
MIEJSCE,STACJA PALIW
MIEJSCE,STACJA PALIW
MIEJSCE,RESTAURACJA
MIEJSCE,CENTRUM HANDLOWE
MIEJSCE,BIBLIOTEKA
MIEJSCE,PIEKARNIA
MIEJSCE,PRZYSTANEK AUTOBUSOWY
MIEJSCE,FRYZJER
MIEJSCE,KRĘGIELNIA
MIEJSCE,SZPITAL
MIEJSCE,MUZEUM
MIEJSCE,KAWIARNIA
MIEJSCE,DOM HANDLOWY
MIEJSCE,SKLEP SPOŻYWCZY
MIEJSCE,SUPERMARKET
MIEJSCE,KINO
MIEJSCE,KSIĘGARNIA
MIEJSCE,APARTAMENTOWIEC
MIEJSCE,RESTAURACJA
MIEJSCE,BUDYNEK SZKOŁY
MIEJSCE,POCZTA
MIEJSCE,SKLEP SPOŻYWCZY
MIEJSCE,BIBLIOTEKA
MIEJSCE,APARTAMENTOWIEC
MIEJSCE,BIUROWIEC
MIEJSCE,FRYZJER
MIEJSCE,SZPITAL
MIEJSCE,DWORZEC KOLEJOWY
MIEJSCE,PIEKARNIA
MIEJSCE,DOM HANDLOWY
MIEJSCE,BUDYNEK SZKOŁY
MIEJSCE,CENTRUM HANDLOWE
MIEJSCE,STACJA PALIW
MIEJSCE,RESTAURACJA
MIEJSCE,SKLEP SPOŻYWCZY
MIEJSCE,KOŚCIÓŁ
MIEJSCE,FRYZJER
MIEJSCE,SUPERMARKET
MIEJSCE,BIBLIOTEKA
MIEJSCE,BIUROWIEC
MIEJSCE,STRAŻ POŻARNA
MIASTO,SYDNEY
MIASTO,MELBOURNE
MIASTO,TEHERAN
MIASTO,KINSHASA
MIASTO,CZĘSTOCHOWA
MIASTO,KIELCE
MIASTO,KUALA LUMPUR
MIASTO,TORUŃ
MIASTO,RZESZÓW
MIASTO,DŻAKARTA
MIASTO,SAN FRANCISCO
MIASTO,PEKIN
MIASTO,GORZÓW WIELKOPOLSKI
MIASTO,DHAKA
MIASTO,ATLANTA
MIASTO,GDAŃSK
MIASTO,RYBNIK
MIASTO,BARCELONA
MIASTO,TYCHY
MIASTO,STAMBUŁ
MIASTO,ZABRZE
MIASTO,SZCZECIN
MIASTO,SYDNEY
MIASTO,HONG KONG
MIASTO,WASHINGTON
MIASTO,KARACZI
MIASTO,PARYŻ
MIASTO,KINSHASA
MIASTO,MUMBAI
MIASTO,TAIPEI / CHINY
MIASTO,RIJAD
MIASTO,HOUSTON (TX)
MIASTO,MIAMI
MIASTO,ZIELONA GÓRA
MIASTO,BYDGOSZCZ
MIASTO,DELHI
MIASTO,DETROIT
MIASTO,KARACZI
MIASTO,BOGOTA
MIASTO,RYBNIK
MIASTO,MANILA
MIASTO,OLSZTYN
MIASTO,SZCZECIN
MIASTO,DELHI
MIASTO,PHILADELPHIA
MIASTO,MELBOURNE
MIASTO,MADRAS
MIASTO,PARYŻ
MIASTO,LYON
MIASTO,KATOWICE
MIASTO,BARCELONA
MIASTO,DETROIT
MIASTO,NEW YORK
MIASTO,OLSZTYN
MIASTO,TORUŃ
MIASTO,BIELSKO-BIAŁA
MIASTO,ALGIER
MIASTO,BANGALORE
MIASTO,TAIPEI / CHINY
MIASTO,SHENZHEN
MIASTO,KAIR
MIASTO,BIAŁYSTOK
MIASTO,RIO DE JANEIRO
MIASTO,ZIELONA GÓRA
MIASTO,MEXICO CITY
MIASTO,WASHINGTON
MIASTO,KRAKÓW
MIASTO,PEKIN
MIASTO,BOGOTA
MIASTO,ANKARA
MIASTO,SOSNOWIEC
MIASTO,WASHINGTON
MIASTO,TOKYO
MIASTO,SZANGHAJ
MIASTO,KATOWICE
MIASTO,MADRAS
MIASTO,SYDNEY
MIASTO,RYBNIK
MIASTO,LYON
MIASTO,CHONGQING
MIASTO,WROCŁAW
MIASTO,LONDYN
MIASTO,SYDNEY
MIASTO,TORONTO
MIASTO,RIJAD
MIASTO,GDYNIA
MIASTO,MIAMI
MIASTO,JOHANNESBURG
MIASTO,SZCZECIN
MIASTO,RYBNIK
MIASTO,SEOUL
MIASTO,LYON
MIASTO,SHENZHEN
MIASTO,TYCHY
MIASTO,JOHANNESBURG
MIASTO,CZĘSTOCHOWA
MIASTO,PARYŻ
MIASTO,KATOWICE
MIASTO,LAHORE
MIASTO,TIANJIN
SPORT,WROTKI
SPORT,PIŁKA NOŻNA
SPORT,PIŁKA RĘCZNA
SPORT,SKOKI DO WODY
SPORT,SZERMIERKA
SPORT,HOKEJ NA TRAWIE
SPORT,ROWER
SPORT,ŁYŻWIARSTWO SZYBKIE
SPORT,AKROBATYKA
SPORT,SNOWBOARD
SPORT,BADMINTON
SPORT,PODNOSZENIE CIĘŻARÓW
SPORT,LEKKOATLETYKA
SPORT,KOLARSTWO
SPORT,ŁUCZNICTWO
SPORT,TENIS
SPORT,ZAPASY
SPORT,NARTY
SPORT,KAJAKI
SPORT,ROWER
SPORT,ROLKI
SPORT,KAJAKI
SPORT,JUDO
SPORT,WROTKI
SPORT,BASEBALL
SPORT,ŁUCZNICTWO
SPORT,ŁYŻWIARSTWO SZYBKIE
SPORT,JEŹDZIECTWO
SPORT,WIOŚLARSTWO
SPORT,LEKKOATLETYKA
SPORT,WROTKI
SPORT,BOKS
SPORT,SZACHY
SPORT,KARATE
SPORT,ŁYŻWIARSTWO FIGUROWE
SPORT,ŁUCZNICTWO
SPORT,KOSZYKÓWKA
SPORT,JUDO
SPORT,PODNOSZENIE CIĘŻARÓW
SPORT,AKROBATYKA
SPORT,PIŁKA RĘCZNA
SPORT,ROLKI
SPORT,BOWLING
SPORT,NARCIARSTWO APLEJSKIE
SPORT,ROWER
SPORT,KAJAKI
SPORT,SNOWBOARD
SPORT,ŻEGLARSTWO
SPORT,SKOKI DO WODY
SPORT,TENIS STOŁOWY
SPORT,JUDO
SPORT,SKOKI DO WODY
SPORT,PIŁKA WODNA
SPORT,WIOŚLARSTWO
SPORT,SANECZKARSTWO
SPORT,ROWER
SPORT,HOKEJ NA LODZIE
SPORT,KAJAKI
SPORT,MARATON
SPORT,GIMNASTYKA
SPORT,ŻEGLARSTWO
SPORT,ŁYŻWIARSTWO FIGUROWE
SPORT,SZACHY
SPORT,ROWER
SPORT,ROLKI
SPORT,BIEGANIE
SPORT,AKROBATYKA
SPORT,TRIATHLON
SPORT,SIATKÓWKA
SPORT,KOSZYKÓWKA
SPORT,ŁYŻWIARSTWO FIGUROWE
SPORT,PIŁKA WODNA
SPORT,KAJAKI
SPORT,BRYDŻ
SPORT,ŁUCZNICTWO
SPORT,KOSZYKÓWKA
SPORT,ŁYŻWIARSTWO SZYBKIE
SPORT,BADMINTON
SPORT,TENIS STOŁOWY
SPORT,BILARD
SPORT,PIŁKA RĘCZNA
SPORT,AKROBATYKA
SPORT,ŁUCZNICTWO
SPORT,PIŁKA WODNA
SPORT,KARATE
SPORT,HOKEJ NA LODZIE
SPORT,SKOKI NARCIARSKIE
SPORT,SZACHY
SPORT,TANIEC
SPORT,TRIATHLON
SPORT,ZAPASY
SPORT,SKOKI NARCIARSKIE
SPORT,BRYDŻ
SPORT,SANECZKARSTWO
SPORT,PŁYWANIE
SPORT,BILARD
SPORT,SZACHY
SPORT,PIŁKA RĘCZNA
SPORT,ŁUCZNICTWO
SPORT,BIATHLON
SPORT,PIŁKA NOŻNA
SPORT,BOWLING
SPORT,SNOWBOARD
SPORT,GOLF
SPORT,JUDO
SPORT,BOKS
SPORT,WIOŚLARSTWO
SPORT,PŁYWANIE
SPORT,ŁUCZNICTWO
SPORT,BASEBALL
SPORT,HOKEJ NA LODZIE
SPORT,KOSZYKÓWKA
SPORT,MARATON
SPORT,SZERMIERKA
SPORT,BIEGANIE
SPORT,ROLKI
SPORT,GOLF
SPORT,WIOŚLARSTWO
SPORT,NARCIARSTWO APLEJSKIE
SPORT,KARATE
SPORT,PŁYWANIE
SPORT,HOKEJ NA TRAWIE
SPORT,PIŁKA WODNA
SPORT,BRYDŻ
SPORT,GOLF
SPORT,BOKS
SPORT,SKOKI NARCIARSKIE
SPORT,AKROBATYKA
SPORT,SKOKI DO WODY
SPORT,NARTY
SPORT,ŁYŻWIARSTWO FIGUROWE
SPORT,WIOŚLARSTWO
SPORT,KAJAKI
SPORT,MARATON
SPORT,ROLKI
SPORT,AKROBATYKA
SPORT,LEKKOATLETYKA
SPORT,BASEBALL
SPORT,PODNOSZENIE CIĘŻARÓW
SPORT,ROWER
SPORT,TENIS STOŁOWY
SPORT,ŁYŻWIARSTWO SZYBKIE
SPORT,SZERMIERKA
SPORT,PODNOSZENIE CIĘŻARÓW
SPORT,ROWER
SPORT,RUGBY
SPORT,BILARD
SPORT,WSPINACZKA
SPORT,PIŁKA RĘCZNA
SPORT,LEKKOATLETYKA
SPORT,BOKS
SPORT,BASEBALL
SPORT,BIEGANIE
SPORT,LEKKOATLETYKA
SPORT,BILARD
SPORT,ŁYŻWIARSTWO SZYBKIE
SPORT,MARATON
SPORT,NARCIARSTWO APLEJSKIE
SPORT,WSPINACZKA
SPORT,KOSZYKÓWKA
ZAWÓD,KAPŁAN
ZAWÓD,SZEF KUCHNI
ZAWÓD,OGRODNIK
ZAWÓD,CALL CENTER
ZAWÓD,ELEKTRONIK
ZAWÓD,BIZNESMAN
ZAWÓD,DORADCA HANDLOWY
ZAWÓD,RZEMIEŚLNIK
ZAWÓD,CHEMIK
ZAWÓD,MARYNARZ
ZAWÓD,DYREKTOR SZKOŁY
ZAWÓD,PILOT
ZAWÓD,PROFESOR
ZAWÓD,PASTOR
ZAWÓD,ZEGARMISTRZ
ZAWÓD,CIEŚLA
ZAWÓD,RZEŹNIK
ZAWÓD,PIELĘGNIARKA
ZAWÓD,KAPŁAN
ZAWÓD,BIZNESMAN
ZAWÓD,MECHANIK
ZAWÓD,SZWACZKA
ZAWÓD,SZEF KUCHNI
ZAWÓD,RZEMIEŚLNIK
ZAWÓD,DENTYSTA
ZAWÓD,SĘDZIA
ZAWÓD,KRAWIEC
ZAWÓD,POŚREDNIK
ZAWÓD,ŚLUSARZ
ZAWÓD,OSZUST
ZAWÓD,DORADCA HANDLOWY
ZAWÓD,NUREK
ZAWÓD,KRYMINALISTA
ZAWÓD,PISARZ
ZAWÓD,CALL CENTER
ZAWÓD,RABIN
ZAWÓD,AKTORKA
ZAWÓD,PIELĘGNIARKA
ZAWÓD,AKTOR
ZAWÓD,PROGRAMISTA
ZAWÓD,KELNER
ZAWÓD,KASKADER
ZAWÓD,KAPŁAN
ZAWÓD,SZEWC
ZAWÓD,INŻYNIER
ZAWÓD,MUZYK
ZAWÓD,ILUSTRATOR
ZAWÓD,PISARZ
ZAWÓD,RZEŹNIK
ZAWÓD,RZEMIEŚLNIK
ZAWÓD,DENTYSTA
ZAWÓD,OSZUST
ZAWÓD,REDAKTOR
ZAWÓD,KRYMINALISTA
ZAWÓD,LEKARZ
ZAWÓD,RZEMIEŚLNIK
ZAWÓD,KIEROWCA
ZAWÓD,ROLNIK
ZAWÓD,KELNER
ZAWÓD,SPORTOWIEC
ZAWÓD,SPRZĄTACZKA
ZAWÓD,NUREK
ZAWÓD,AKTOR
ZAWÓD,URZĘDNIK
ZAWÓD,MAGIK
ZAWÓD,KRAWIEC
ZAWÓD,FIZJOTERAPEUTA
ZAWÓD,MECHANIK SAMOCHODOWY
ZAWÓD,INŻYNIER
ZAWÓD,CALL CENTER
ZAWÓD,PROFESOR
ZAWÓD,DOSTOSOWAĆ
ZAWÓD,SPRZĄTACZKA
ZAWÓD,CIEŚLA
ZAWÓD,CHEMIK
ZAWÓD,ELEKTRONIK
ZAWÓD,KOSMETYCZKA
ZAWÓD,NUREK
ZAWÓD,PIEKARZ
ZAWÓD,SZEWC
ZAWÓD,TRENER
ZAWÓD,DRUKARKA
ZAWÓD,DYREKTOR SZKOŁY
ZAWÓD,HYDRAULIK
ZAWÓD,CIEŚLA
ZAWÓD,LISTONOSZ
ZAWÓD,WETERYNARZ
ZAWÓD,RABIN
ZAWÓD,ENERGETYK
ZAWÓD,MAKLER
ZAWÓD,PIEKARZ
ZAWÓD,FARMACEUTA
ZAWÓD,DRUKARKA
ZAWÓD,PASTOR
ZAWÓD,KSIĘGOWA
ZAWÓD,LEKARZ
ZAWÓD,BANKIER
ZAWÓD,KIEROWCA
ZAWÓD,DZIENNIKARZ
ZAWÓD,ILUSTRATOR
ZAWÓD,FARMACEUTA
ZAWÓD,STRAŻAK
ZAWÓD,MAKLER
ZAWÓD,POŚREDNIK
ZAWÓD,AKTOR
ZAWÓD,KASKADER
ZAWÓD,SZEWC
ZAWÓD,DZIENNIKARZ
ZAWÓD,AUTOMATYK
ZAWÓD,ARCHITEKT